Type,File,Size,Result,Finish Time,Duration,Modification Date,Error Message,
Backup,D:\Filiolae Evidence\Verify Pass.png,67770,Success,2026-08-13 09:41:31,2017,2026-08-12 08:42:41,,
Backup,D:\Filiolae Evidence\Filiolae-r18-preservation\MSP360-AWS-B2-CHECKLIST.md,1674,Success,2026-08-13 09:41:31,2017,2026-08-11 22:45:26,,
Backup,D:\Filiolae Evidence\Filiolae-r18-preservation\PACKAGE-SHA256SUMS,1690,Success,2026-08-13 09:41:31,2017,2026-08-11 22:51:52,,
Backup,D:\Filiolae Evidence\Filiolae-r18-preservation\PACKAGE-SHA256SUMS.sha256,170,Success,2026-08-13 09:41:31,2017,2026-08-11 22:51:52,,
Backup,D:\Filiolae Evidence\Filiolae-r18-preservation\README-FIRST.md,1034,Success,2026-08-13 09:41:31,2017,2026-08-11 22:42:26,,
Backup,D:\Filiolae Evidence\Filiolae-r18-preservation\UPLOAD-ATTESTATION.template.json,442,Success,2026-08-13 09:41:31,2017,2026-08-11 22:42:26,,
Backup,D:\Filiolae Evidence\Filiolae-r18-preservation\VERIFY-PRESERVATION.ps1,874,Success,2026-08-13 09:41:31,2017,2026-08-11 22:51:52,,
Backup,D:\Filiolae Evidence\Filiolae-r18-preservation\VERIFY-PRESERVATION.sh,426,Success,2026-08-13 09:41:31,2017,2026-08-11 22:45:16,,
Backup,D:\Filiolae Evidence\Filiolae-r18-preservation\artifacts\anchor-public.pem,186,Success,2026-08-13 09:41:31,2017,2026-08-11 12:42:38,,
Backup,D:\Filiolae Evidence\Filiolae-r18-preservation\artifacts\payload-9bbad47-r18.tar.gz,27844638,Success,2026-08-13 09:41:31,2017,2026-08-11 20:31:18,,
Backup,D:\Filiolae Evidence\Filiolae-r18-preservation\artifacts\payload-9bbad47-r18.tar.gz.sha256,170,Success,2026-08-13 09:41:31,2017,2026-08-11 20:31:18,,
Backup,D:\Filiolae Evidence\Filiolae-r18-preservation\artifacts\prime-a6000-20260811-r18-happy.tar,4702379686,Success,2026-08-13 09:41:31,2017,2026-08-11 21:03:52,,
Backup,D:\Filiolae Evidence\Filiolae-r18-preservation\artifacts\prime-a6000-20260811-r18-happy.tar.sha256,170,Success,2026-08-13 09:41:31,2017,2026-08-11 21:03:58,,
Backup,D:\Filiolae Evidence\Filiolae-r18-preservation\artifacts\prime-a6000-20260811-r18-tamper.tar,4702663210,Success,2026-08-13 09:41:31,2017,2026-08-11 21:06:58,,
Backup,D:\Filiolae Evidence\Filiolae-r18-preservation\artifacts\prime-a6000-20260811-r18-tamper.tar.sha256,170,Success,2026-08-13 09:41:31,2017,2026-08-11 21:07:02,,
Backup,D:\Filiolae Evidence\Filiolae-r18-preservation\metadata\live-two-gpu-acceptance.md,1770,Success,2026-08-13 09:41:31,2017,2026-08-11 22:40:16,,
Backup,D:\Filiolae Evidence\Filiolae-r18-preservation\metadata\preservation-context.json,490,Success,2026-08-13 09:41:31,2017,2026-08-11 22:42:36,,
Backup,D:\Filiolae Evidence\Filiolae-r18-preservation\metadata\evidence-index\manifest.json,1146,Success,2026-08-13 09:41:31,2017,2026-08-11 22:40:16,,
Backup,D:\Filiolae Evidence\Filiolae-r18-preservation\metadata\evidence-index\README.md,522,Success,2026-08-13 09:41:31,2017,2026-08-11 22:40:16,,
Backup,D:\Filiolae Evidence\Filiolae-r18-preservation\metadata\evidence-index\SHA256SUMS,346,Success,2026-08-13 09:41:31,2017,2026-08-11 22:40:16,,
Backup,D:\Filiolae Evidence\Filiolae-r18-preservation\metadata\github-actions\31550491272.json,1114,Success,2026-08-13 09:41:31,2017,2026-08-11 22:41:26,,
Backup,D:\Filiolae Evidence\Filiolae-r18-preservation\metadata\github-actions\31550491272.log,16314,Success,2026-08-13 09:41:31,2017,2026-08-11 22:41:26,,
Backup,D:\Filiolae Evidence\Filiolae-r18-preservation\metadata\github-actions\31552885323.json,1050,Success,2026-08-13 09:41:31,2017,2026-08-11 22:41:26,,
Backup,D:\Filiolae Evidence\Filiolae-r18-preservation\metadata\github-actions\31552885323.log,15786,Success,2026-08-13 09:41:31,2017,2026-08-11 22:41:28,,
Backup,D:\Filiolae Evidence\Filiolae-r18-preservation\metadata\github-actions\31557524084.json,1114,Success,2026-08-13 09:41:31,2017,2026-08-11 22:42:50,,
Backup,D:\Filiolae Evidence\Filiolae-r18-preservation\metadata\github-actions\31557524084.log,17946,Success,2026-08-13 09:41:31,2017,2026-08-11 22:42:52,,
Backup,D:\Filiolae Evidence\Filiolae-r18-preservation\metadata\payload\manifest.json,2074,Success,2026-08-13 09:41:31,2017,2026-08-11 22:40:16,,
Backup,D:\Filiolae Evidence\Filiolae-r18-preservation\metadata\payload\prime-rl-fail-closed.patch,4298,Success,2026-08-13 09:41:31,2017,2026-08-11 22:40:18,,
Backup,D:\Filiolae Evidence\Filiolae-r18-preservation\metadata\payload\prime-rl-source-manifest.json,95898,Success,2026-08-13 09:41:31,2017,2026-08-11 22:40:18,,
Backup,D:\Filiolae Evidence\Filiolae-r18-preservation\source\acceptance-commit-lineage.txt,314,Success,2026-08-13 09:41:31,2017,2026-08-11 22:40:50,,
Backup,D:\Filiolae Evidence\Filiolae-r18-preservation\source\filiolae-a6a5ea8.bundle,368602,Success,2026-08-13 09:41:31,2017,2026-08-11 22:40:50,,
Backup,D:\Filiolae Evidence\Filiolae-r18-preservation\source\filiolae-a6a5ea8.bundle.verify.txt,298,Success,2026-08-13 09:41:31,2017,2026-08-11 22:40:50,,
Backup,D:\Filiolae Evidence\Filiolae-r18-preservation\source\git-anchor-commit.txt,250,Success,2026-08-13 09:41:31,2017,2026-08-11 22:40:50,,
Backup,Detailed report,16312,Success,2026-08-13 09:41:31,1,2026-08-12 10:13:06,,
